<?xml version="1.0" encoding="utf-8"?>
<extension version="1.6" type="plugin" group="editors-xtd" method="upgrade">
    <name>PLG_EDITORS-XTD_BINGTRANSLATE</name>
    <author>Yireo</author>
    <creationDate>February 2012</creationDate>
    <license>http://www.gnu.org/copyleft/gpl.html GNU/GPL</license>
    <authorEmail>info@yireo.com</authorEmail>
    <authorUrl>http://www.yireo.com/</authorUrl>
    <version>0.1.3</version>
    <description>PLG_EDITORS-XTD_BINGTRANSLATE_DESC</description>

    <files>
        <filename plugin="bingtranslate">bingtranslate.php</filename>
		<filename>index.html</filename>
    </files>

    <languages>
        <language tag="en-GB">en-GB.plg_editors-xtd_bingtranslate.ini</language>
        <language tag="en-GB">en-GB.plg_editors-xtd_bingtranslate.sys.ini</language>
    </languages>
</extension>
