<?xml version="1.0" encoding="utf-8"?>
<install type="component" version="1.5.0" method="upgrade">
    <name>BingTranslate</name>
    <author>Yireo</author>
    <authoremail>support@yireo.com</authoremail>
    <authorurl>http://www.yireo.com</authorurl>
    <creationDate>February 2012</creationDate>
    <copyright>Copyright 2012 Yireo.com</copyright>
    <license>http://www.gnu.org/licenses/gpl-3.0.html GNU/GPL</license>
    <version>0.1.3</version>
    <description>This component offers translation from Bing Translate.</description>

    <administration>

        <menu>BingTranslate</menu>

        <files folder="administrator/components/com_bingtranslate">
            <filename>bingtranslate.php</filename>
            <filename>config.xml</filename>
            <filename>controller.php</filename>
            <filename>index.html</filename>
        </files>

        <files>
            <filename>bingtranslate.xml</filename>
        </files>

        <languages folder="administrator/language/en-GB">
            <language tag="en-GB">en-GB.com_bingtranslate.menu.ini</language>
            <language tag="en-GB">en-GB.com_bingtranslate.ini</language>
        </languages>

    </administration>

    <media folder="media">
        <folder>com_bingtranslate</folder>
    </media>

</install>
