<?xml version="1.0" encoding="utf-8"?>
<extension version="1.6" type="plugin" group="editors-xtd" method="upgrade">
    <name>Button - BingTranslate</name>
    <author>Yireo</author>
    <creationDate>February 2012</creationDate>
    <license>http://www.gnu.org/copyleft/gpl.html GNU/GPL</license>
    <authorEmail>info@yireo.com</authorEmail>
    <authorUrl>http://www.yireo.com/</authorUrl>
    <version>0.1.2</version>
    <description>Button to translate your content using BingTranslate</description>
    <files>
        <filename plugin="bingtranslate">bingtranslate.php</filename>
		<filename>index.html</filename>
    </files>
</extension>
